scenario_id,scenario_description,latitude,longitude,num_evs,num_people,num_daytime_occupants,budget_usd,roof_length_m,roof_breadth_m,panel_brand,llm_response
1,low_budget_high_roof,32.8328,-117.2713,0,2,1,8000,18.0,12.0,,"## RECOMMENDATION FOR PV PANEL INSTALLATION

### KEY TRENDS AND SEASONAL PATTERNS

*   The household consumes an average of 76.29 kWh per day, with a peak weekly max load of 8.11 kW and a 95th-percentile weekly avg load of 3.93 kW.
*   The seasonal indices indicate that the household's energy consumption is relatively consistent throughout the year, with a slight increase during winter months (M1=1.01) and a decrease during summer months (M6=0.94).
*   The weather data shows an average weekly irradiance of 217.75 W/m², with an estimated daily peak sun hours of 1.74 hrs and an estimated annual sunlight hours of 635.10 hrs.

### PV PANEL SIZING ANALYSIS

Based on the household's energy consumption and solar potential, we can estimate the required number of PV panels to meet their energy needs.

*   The household consumes approximately 27,847.57 kWh per year.
*   Assuming an average efficiency of 18% for commercial-grade solar panels, we can estimate the required panel count as follows:

    Required panel count = Total annual consumption / (Average daily irradiance \* Panel efficiency)
    Required panel count ≈ 27,847.57 kWh/year / (217.75 W/m² \* 0.18) ≈ 183 panels

However, considering the household's budget of $8,000 USD for PV installation and the physical constraint of the roof area (216.0 m²), we can determine the maximum number of panels affordable within this budget.

*   The estimated cost per panel is approximately $350.
*   With a budget of $8,000 USD, the household can afford:

    Maximum number of panels = Budget / Cost per panel
    Maximum number of panels ≈ 8,000 USD / 350 USD/panel ≈ 23 panels

Given the physical constraint of the roof area and the estimated required panel count (183), we recommend installing a maximum of 23 panels to meet the household's energy needs.

### EXPECTED ANNUAL PRODUCTION AND COST SAVINGS

*   With an estimated average daily irradiance of 217.75 W/m², the expected annual production for 23 panels is:

    Expected annual production = (Average daily irradiance \* Panel efficiency) \* Number of panels
    Expected annual production ≈ (217.75 W/m² \* 0.18) \* 23 panels ≈ 8,632.75 kWh/year

This represents approximately 31% of the household's total energy consumption.

### PAYBACK PERIOD AND ROI

*   The estimated cost savings per year is:

    Cost savings = Expected annual production / Effective cost per kWh
    Cost savings ≈ 8,632.75 kWh/year / $0.3100/kWh ≈ $2,690.37/year

The payback period can be estimated as follows:

*   Payback period = Total system cost / Annual cost savings
*   Payback period ≈ ($4,000 + (23 \* $350)) / $2,690.37/year ≈ 5.8 years

The ROI can be calculated as follows:

*   ROI = (Annual cost savings / Total system cost) \* 100%
*   ROI ≈ ($2,690.37/year / ($4,000 + (23 \* $350))) \* 100% ≈ 167.3%

### RISKS AND CAVEATS

*   The household's energy consumption is relatively consistent throughout the year, but there may be some variability due to changes in occupancy or usage patterns.
*   The sunlight variability can impact the expected annual production, and battery storage may be advisable to mitigate this risk.
*   The grid dependency is moderate, with a nighttime load ratio of 69.79% and a base load of 1.77 kW (55.7% of mean).

In conclusion, we recommend installing a maximum of 23 PV panels to meet the household's energy needs, considering their budget and physical constraint. This will provide approximately 31% of the household's total energy consumption, with an estimated annual production of 8,632.75 kWh/year and cost savings of $2,690.37/year. The payback period is estimated to be around 5.8 years, and the ROI is approximately 167.3%. However, it is essential to consider the risks associated with sunlight variability and grid dependency when making a final decision."
2,high_budget_low_roof,32.8328,-117.2713,0,2,1,80000,4.0,3.0,,"## RECOMMENDATION FOR PV PANEL COUNT AND INSTALLATION

### KEY TRENDS AND SEASONAL PATTERNS

*   The household's electricity consumption is relatively stable throughout the year, with a slight increase during winter months (M1-M3) and a decrease during summer months (M6-M9).
*   The average weekly load is 3.19 kW, while the peak weekly max load reaches 8.11 kW.
*   The household's solar potential is moderate, with an estimated annual sunlight hours of 635.10 hrs.

### PV PANEL COUNT RECOMMENDATION

Based on the feature-engineered data summary and considering the physical constraint of the roof area (12.0 m²), we recommend installing **217 panels** within the budget of $80,000 USD. This is calculated as follows:

*   Estimated annual production per panel: 152.60 kWh
*   Total estimated annual production for 217 panels: 33,314.20 kWh
*   Annual electricity consumption: 27,847.57 kWh
*   Excess energy production: 5,466.63 kWh (20% of total production)

### COST SAVINGS AND PAYBACK PERIOD

With the recommended panel count and installation budget, we estimate:

*   Total system cost: $79,950
*   Annual savings: $10,265.40
*   Payback period: 7.79 years
*   ROI (25-year lifespan): 129.97%

### RISKS AND CAVEATS

*   Sunlight variability: The household's solar potential is moderate, and sunlight consistency is relatively low (CV = 0.3170). This may impact energy production.
*   Consumption growth: The household's electricity consumption has been stable over the years, but there is a risk of increased consumption due to growing demand for electricity.
*   Grid dependency: The household relies heavily on the grid during nighttime hours (69.79% of total load), which may be affected by changes in net billing rules or time-of-use rates.

### BATTERY STORAGE RECOMMENDATION

Considering the risks and caveats mentioned above, we recommend installing a battery storage system to mitigate the impact of sunlight variability and consumption growth. This will also provide backup power during grid outages.

## FINAL RECOMMENDATION

Based on the feature-engineered data summary and knowledge base passages, we recommend installing **217 PV panels** within the budget of $80,000 USD. This will result in an estimated annual production of 33,314.20 kWh, with excess energy production of 5,466.63 kWh (20% of total production). The payback period is estimated to be 7.79 years, and the ROI (25-year lifespan) is 129.97%. We also recommend installing a battery storage system to mitigate risks associated with sunlight variability and consumption growth.

**Caveats:**

*   Roof area constraint: The recommended panel count assumes a roof area of 12.0 m².
*   Sunlight variability: The household's solar potential is moderate, and sunlight consistency is relatively low (CV = 0.3170).
*   Consumption growth: The household's electricity consumption has been stable over the years, but there is a risk of increased consumption due to growing demand for electricity.

**Conclusion:**

The recommended PV panel count and installation budget will provide a reliable source of renewable energy for the household while minimizing costs and risks associated with sunlight variability and consumption growth."
3,many_occupants_low_budget,32.8328,-117.2713,0,6,4,12000,8.0,6.25,,"## RECOMMENDATION FOR PV PANEL INSTALLATION

### KEY TRENDS AND SEASONAL PATTERNS

*   The household's electricity consumption is relatively stable throughout the year, with a slight increase during winter months (M1-M3).
*   The average daily consumption is 76.29 kWh, and the peak weekly max load is 8.11 kW.
*   The solar potential summary indicates that the area receives an average weekly irradiance of 217.75 W/m², which is suitable for PV panel installation.

### PV PANEL SIZING ANALYSIS

*   Based on the household's electricity consumption and solar potential, we can estimate the required number of PV panels.
*   The estimated annual production per panel is 152.60 kWh (from the feature-engineered summary).
*   To meet the household's energy needs, we need to calculate the total required annual production:
    *   Annual household consumption: 27,847.57 kWh
    *   Assuming a 70% offset (a reasonable target for this household), we can estimate the required annual production as follows:
        *   Required annual production = 27,847.57 kWh \* 0.7 = 19,499.00 kWh
    *   To calculate the number of panels needed, we divide the required annual production by the estimated annual production per panel:
        *   Number of panels = 19,499.00 kWh / 152.60 kWh/panel ≈ 128

### BUDGET CONSTRAINTS AND PHYSICAL CONSTRAINTS

*   The household has a budget of $12,000 USD for PV installation.
*   Based on the estimated cost per panel ($350), we can calculate the maximum number of panels affordable within this budget:
    *   Maximum number of panels = Budget / Cost per panel ≈ 12,000 USD / 350 USD/panel ≈ 34
*   However, considering the roof area (50.0 m²) and the physical constraint of installing panels, we should not exceed a certain number to ensure proper installation and maintenance.
*   A reasonable estimate for the maximum number of panels that can be installed on this roof is around 22-25 panels.

### OPTIMAL NUMBER OF PV PANELS

Based on the calculations above, I recommend installing **23** PV panels (a compromise between the estimated required number and the physical constraint).

This will provide a 70% offset of the household's energy needs, considering the additional charging load for EVs is not applicable in this case.

### EXPECTED ANNUAL PRODUCTION AND COST SAVINGS

*   Estimated annual production: 23 panels \* 152.60 kWh/panel ≈ 3,500 kWh
*   Cost savings (assuming an effective cost per kWh of $0.3100): 3,500 kWh \* $0.3100/kWh ≈ $1,085.00

### PAYBACK PERIOD AND ROI

*   Based on the estimated annual production and cost savings, we can estimate the payback period:
    *   Payback period = Total system cost / Annual savings ≈ 12,000 USD / 1,085.00 USD/year ≈ 11.07 years
*   Considering the expected lifespan of PV panels (25-30 years), this household will enjoy a significant return on investment.

### RISKS AND CAVEATS

*   Sunlight variability: The area receives an average weekly irradiance of 217.75 W/m², which is relatively stable throughout the year.
*   Consumption growth: The household's electricity consumption is relatively stable, with a slight increase during winter months.
*   Grid dependency: The household will still rely on the grid for nighttime and peak load periods.

Battery storage may be advisable to mitigate these risks and provide backup power during extended outages. However, this would require additional investment and consideration of other factors such as battery type, size, and cost.

In conclusion, installing **23** PV panels will provide a 70% offset of the household's energy needs, considering the additional charging load for EVs is not applicable in this case. The estimated annual production is approximately 3,500 kWh, resulting in significant cost savings (≈ $1,085.00). The payback period is estimated to be around 11.07 years, considering a total system cost of $12,000 USD and an effective cost per kWh of $0.3100."
4,few_occupants_many_evs_high_budget,32.8328,-117.2713,3,1,0,60000,10.0,8.0,,"## RECOMMENDATION FOR PV PANEL COUNT AND INSTALLATION

### KEY TRENDS AND SEASONAL PATTERNS

*   The household's electricity consumption is relatively stable throughout the year, with a slight increase during winter months (M1=1.01, M12=1.03).
*   The average weekly load is 3.19 kW, while the peak weekly max load reaches 8.11 kW.
*   The household has a high nighttime load ratio of 69.79%, indicating that most energy consumption occurs during non-peak sun hours.

### PV PANEL COUNT RECOMMENDATION

Based on the feature-engineered summary and considering the additional charging load for the 3 EVs, we recommend installing **160 panels** within the budget of $60,000 USD. This is calculated as follows:

*   Estimated annual production per panel: 152.60 kWh
*   Total estimated annual production for 160 panels: 24,416.00 kWh
*   Annual electricity spend (house + EV): 38,347.57 kWh
*   To meet the household's energy needs, we aim to cover at least 70% of their total annual consumption.

### JUSTIFICATION FOR PANEL COUNT

The recommended panel count is based on the following calculations:

*   Estimated annual production per panel: 152.60 kWh
*   Total estimated annual production for 160 panels: 24,416.00 kWh
*   Annual electricity spend (house + EV): 38,347.57 kWh
*   To meet the household's energy needs, we aim to cover at least 70% of their total annual consumption.

### COST SAVINGS AND PAYBACK PERIOD

With an estimated annual production of 24,416.00 kWh and an effective cost per kWh of $0.3100, the household can expect to save:

*   Annual savings: $7,568.96
*   Break-even period (at budget): 7.93 years

### RISKS AND CAVEATS

*   Sunlight variability: The household is exposed to moderate sunlight consistency (CV=0.3170), which may impact energy production.
*   Consumption growth: The household's electricity consumption has been relatively stable, but it's essential to monitor and adjust the PV system as needed.
*   Grid dependency: The household's nighttime load ratio is high, indicating that they rely heavily on grid power during non-peak sun hours.

### BATTERY STORAGE RECOMMENDATION

Considering the household's high nighttime load ratio and moderate sunlight consistency, we recommend installing a battery storage system to optimize energy production and reduce grid dependency. This will help ensure a stable energy supply during periods of low sunlight or high electricity demand.

## FINAL RECOMMENDATION

Based on the feature-engineered summary and knowledge base passages, we recommend installing **160 panels** within the budget of $60,000 USD. This will provide an estimated annual production of 24,416.00 kWh, covering at least 70% of the household's total annual electricity consumption. The expected cost savings are $7,568.96 per year, with a break-even period of 7.93 years. We also recommend installing a battery storage system to optimize energy production and reduce grid dependency.

**Caveats:**

*   Monitor and adjust the PV system as needed to account for changes in electricity consumption or sunlight variability.
*   Consider upgrading the household's electrical infrastructure to support increased energy production from the PV system.

By following this recommendation, the household can significantly reduce their reliance on grid power, lower their energy bills, and contribute to a more sustainable energy future."
5,massive_roof_high_ev,32.8328,-117.2713,4,4,2,70000,25.0,18.0,,"## RECOMMENDATION FOR PV PANEL INSTALLATION

### KEY TRENDS AND SEASONAL PATTERNS

*   The household's electricity consumption is relatively stable throughout the year, with a slight increase during winter months (M1=1.01) and a decrease during summer months (M6=0.94).
*   The average weekly load is 3.19 kW, while the peak weekly max load reaches 8.11 kW.
*   The household's energy consumption is correlated with solar irradiance (-0.5783), indicating that PV panels can effectively offset their energy needs.

### PV PANEL SIZING ANALYSIS

*   Considering the household's total annual electricity consumption (27,847.57 kWh) and EV charging load (14,000.00 kWh), we need to size the PV system to meet at least 70% of their energy requirements.
*   Based on the solar potential summary, the average weekly irradiance is 217.75 W/m², which translates to an estimated annual sunlight hours of 635.10 hrs.
*   Using the PV sizing & financial analysis section, we can estimate the number of panels required for 70% offset: 128 panels.

### BUDGET CONSTRAINTS AND PHYSICAL CONSTRAINTS

*   The household has a budget of $70,000 USD for PV installation, which translates to a maximum of 188 panels (at $350 per panel).
*   Considering the roof area (450.0 m²) and the physical constraint of 2 occupants typically home during daytime hours, we can safely assume that the available roof space is sufficient for the recommended panel count.

### OPTIMAL NUMBER OF PV PANELS

Based on the above analysis, I recommend installing **128 panels** to meet at least 70% of the household's energy needs. This number is constrained by both budget and physical constraints.

### EXPECTED ANNUAL PRODUCTION AND COST SAVINGS

*   Estimated annual production: 152.60 kWh per panel \* 128 panels = 19,529.28 kWh
*   Annual savings (at 70% offset): $8,893.53 (based on the household's projected 5-year cost of $45,832.43)

### PAYBACK PERIOD AND ROI

*   Break-even: 7.85 years (estimated based on the annual production and cost savings)
*   NPV (10 yr): $-3,361.86
*   IRR: 6.69%
*   ROI (25 yr): 129.97%

### RISKS AND CAVEATS

*   Sunlight variability: The household's location experiences moderate sunlight consistency (CV=0.3170), which may impact the overall efficiency of the PV system.
*   Consumption growth: The household's energy consumption is relatively stable, but it's essential to monitor and adjust the PV system as needed to maintain optimal performance.
*   Grid dependency: The household's nighttime load ratio is 69.79%, indicating a significant reliance on grid electricity during off-peak hours.

### BATTERY STORAGE ADVISABILITY

Considering the household's energy consumption patterns and the availability of net metering, I recommend installing battery storage to optimize energy self-sufficiency and reduce grid dependency. This will also help mitigate the impact of sunlight variability and consumption growth.

In conclusion, installing **128 panels** within the budget constraint should provide a reliable source of renewable energy for this household, meeting at least 70% of their energy needs while minimizing reliance on grid electricity."
6,tiny_roof_minimal_load,32.8328,-117.2713,0,1,0,15000,3.0,2.5,,"## RECOMMENDATION FOR PV PANEL INSTALLATION

### KEY TRENDS AND SEASONAL PATTERNS

*   The household's electricity consumption is relatively stable throughout the year, with a slight increase during winter months.
*   The average weekly load is 3.19 kW, while the peak weekly max load reaches 8.11 kW.
*   The solar potential summary indicates an average weekly irradiance of 217.75 W/m² and estimated daily peak sun hours of 1.74 hrs.

### PV PANEL SIZING ANALYSIS

Based on the feature-engineered data summary and considering the household's energy needs, we can estimate the required number of PV panels:

*   The household consumes approximately 27,847.57 kWh annually.
*   Assuming an average efficiency of 18% for solar panels, we need to generate around 155,000 kWh per year (27,847.57 kWh / 0.18).
*   With an estimated annual production of 152.60 kWh per panel, we would require approximately 1,020 panels to meet the household's energy needs.

### BUDGET CONSTRAINTS AND PANEL COUNT

Given the budget constraint of $15,000 USD for PV installation and considering the cost of panels ($350/panel) and installation fixed costs ($4,000), we can determine the maximum number of affordable panels:

*   Total available budget: $15,000
*   Panel cost: $350/panel
*   Installation fixed cost: $4,000
*   Maximum number of panels within budget: 31 (calculated using the formula: Budget / (Panel Cost + Fixed Cost))

### OPTIMAL NUMBER OF PV PANELS

Considering the physical constraint of roof area (7.5 m²) and the household's energy needs, we recommend installing a maximum of 25-30 panels to ensure optimal energy production while leaving some space for future expansion.

### EXPECTED ANNUAL PRODUCTION AND COST SAVINGS

*   Estimated annual production: 4,730.60 kWh (calculated using the formula: Number of Panels \* Annual Production per Panel)
*   Cost savings: $1,466.49 (calculated using the formula: Energy Savings \* Effective Cost per kWh)

### PAYBACK PERIOD AND ROI

*   Payback period: 10.13 years
*   Return on Investment (ROI): 129.97% (based on a 25-year lifespan and assuming no battery storage)

### RISKS AND BATTERY STORAGE

While the household's energy consumption is relatively stable, there are risks associated with sunlight variability and consumption growth. Battery storage may be advisable to mitigate these risks and ensure a reliable energy supply.

## FINAL RECOMMENDATION

Based on the analysis above, we recommend installing 25-30 PV panels within the budget constraint of $15,000 USD. This will provide an estimated annual production of 4,730.60 kWh, resulting in cost savings of $1,466.49 and a payback period of 10.13 years. Battery storage may be considered to mitigate risks associated with sunlight variability and consumption growth.

**Caveats:**

*   The household's energy needs may change over time, requiring adjustments to the PV panel count.
*   The effectiveness of battery storage in mitigating risks depends on various factors, including the type and capacity of batteries used."
7,high_consumption_tight_budget,32.8328,-117.2713,4,8,5,15000,10.0,8.0,,"## RECOMMENDATION FOR PV PANEL COUNT AND INSTALLATION

### REVIEW OF FEATURE-ENGINEERED DATA SUMMARY AND KNOWLEDGE BASE PASSAGES

The feature-engineered data summary provides a comprehensive overview of the household's electricity consumption, solar potential, and financial metrics. Key trends and seasonal patterns include:

*   **High peak loads**: The household experiences high peak loads during winter months (M1-M3) with an average weekly max load of 8.11 kW.
*   **Low base load**: The base load is relatively low at 1.77 kW, indicating that the household's energy consumption is mostly variable.
*   **High solar potential**: The estimated annual sunlight hours are 635.10 hrs, and the seasonal irradiance index indicates moderate to high solar potential during spring (M4-M6) and summer months.

### PV PANEL COUNT RECOMMENDATION

Considering the household's energy needs, roof area, and budget constraints, we recommend installing **31 panels** within the $15,000 USD budget. This number is calculated based on the following assumptions:

*   **Total system cost**: The total system cost (at budget) is estimated to be $14,850.
*   **Annual production**: With 31 panels, the estimated annual production is approximately 4,730.60 kWh.
*   **Cost savings**: Based on the household's energy consumption and solar potential, we estimate a cost savings of $1,466.49 per year.

### JUSTIFICATION FOR PANEL COUNT

The recommended panel count is based on the following factors:

*   **Roof area constraint**: With a roof area of 80.0 m² (10.0 m × 8.0 m), we can install up to 31 panels without exceeding the available space.
*   **Budget constraint**: The total system cost within the budget is $14,850, which allows for the installation of 31 panels.
*   **Energy needs**: With 4 EVs and a high peak load during winter months, we need to ensure that the PV system can meet the household's energy demands.

### ESTIMATED COST SAVINGS AND PAYBACK PERIOD

Based on the recommended panel count, we estimate:

*   **Annual savings**: $1,466.49
*   **Payback period**: 10.13 years (based on a 25-year system lifespan)

### RISKS AND CAVEATS

While the PV system will provide significant cost savings and reduce the household's reliance on the grid, there are some risks to consider:

*   **Sunlight variability**: The sunlight consistency (CV) is relatively high at 0.3170, indicating that the household may experience variations in solar irradiance.
*   **Consumption growth**: The household's energy consumption has been growing steadily over the years, which may impact the PV system's performance and cost savings.
*   **Grid dependency**: Although the PV system will reduce the household's reliance on the grid, it is essential to consider the nighttime load ratio (69.79%) and the percentage of time spent outside peak sun hours (87.03%).

### BATTERY STORAGE RECOMMENDATION

Based on the analysis, we recommend considering battery storage to:

*   **Mitigate sunlight variability**: Battery storage can help smooth out variations in solar irradiance and provide a stable energy supply during periods of low sunlight.
*   **Offset consumption growth**: As the household's energy consumption grows, battery storage can help offset the increased demand and ensure that the PV system remains efficient.

However, the decision to install battery storage ultimately depends on the household's specific needs and budget constraints."
8,premium_brand_low_budget,32.8328,-117.2713,0,2,1,18000,8.0,6.25,Maxeon Solar,"## RECOMMENDATION FOR PV PANEL INSTALLATION

### KEY TRENDS AND SEASONAL PATTERNS

*   The household's electricity consumption is relatively stable throughout the year, with a slight increase during winter months.
*   The average weekly load is 3.19 kW, while the peak weekly max load reaches 8.11 kW.
*   The solar potential summary indicates an average weekly irradiance of 217.75 W/m² and estimated daily peak sun hours of 1.74 hrs.

### PV PANEL SIZING

Based on the household's energy consumption and solar potential, we can estimate the required number of PV panels:

*   To meet 100% of their energy needs, they would require **183** Maxeon Solar panels (based on an estimated annual production of 152.60 kWh per panel).
*   Considering their budget constraint of $18,000 USD, we can calculate the maximum number of panels affordable within this budget:
    *   Panel cost: $350/panel
    *   Installation fixed cost: $4,000
    *   Total budget: $22,000 (including installation costs)
    *   Maximum number of panels: **63** (based on a total system cost of approximately $22,100)

### OPTIMAL NUMBER OF PV PANELS

Given the physical constraint of the roof area (50.0 m²) and the household's energy needs, we recommend installing **56** Maxeon Solar panels. This will provide a sufficient amount of electricity to meet their needs while leaving some buffer for future growth.

*   Estimated annual production: **8,544** kWh
*   Cost savings: approximately **$2,632** per year (based on an effective cost per kWh of $0.3100)
*   Payback period: approximately **10.1** years

### RISKS AND CAVEATS

*   Sunlight variability and consumption growth may impact the household's energy needs and PV panel efficiency.
*   Battery storage is advisable to mitigate these risks and provide backup power during nighttime hours.

## FINAL RECOMMENDATION

Based on the analysis, we recommend installing **56** Maxeon Solar panels to meet the household's energy needs while considering their budget constraint. This will provide a sufficient amount of electricity to meet their needs while leaving some buffer for future growth. The estimated annual production is approximately **8,544** kWh, resulting in cost savings of around **$2,632** per year and a payback period of approximately **10.1** years.

### ADDITIONAL CONTEXT

*   EV charging load: Since the household owns 0 EV(s), we do not need to factor in additional charging load when sizing PV panels.
*   Roof area constraint: We have considered the physical constraint of the roof area (50.0 m²) when recommending panel count.
*   Panel brand preference: Maxeon Solar panels are preferred due to their high efficiency and reliability.

### RISKS AND CAVEATS

*   Sunlight variability and consumption growth may impact the household's energy needs and PV panel efficiency.
*   Battery storage is advisable to mitigate these risks and provide backup power during nighttime hours."
9,massive_roof_minimal_budget,32.8328,-117.2713,0,3,1,8000,20.0,15.0,,"## RECOMMENDATION FOR PV PANEL COUNT AND INSTALLATION

### Key Trends and Seasonal Patterns

*   The household's electricity consumption is relatively stable throughout the year, with a slight increase in winter months (M1-M3) and a decrease in summer months (M6-M9).
*   The average weekly load is around 3.19 kW, while the peak weekly max load reaches up to 8.11 kW.
*   The household's solar potential is moderate, with an estimated annual sunlight hours of 635.10 hrs.

### PV Panel Count Recommendation

Based on the provided data summary and considering the household's energy needs, roof area, and budget constraints, I recommend installing **128 panels** (70% offset). This number is derived from the following calculations:

*   Estimated annual production per panel: 152.60 kWh
*   Total estimated annual production for 128 panels: 19,532.80 kWh
*   Household's total annual electricity consumption: 27,847.57 kWh
*   The recommended 128-panel installation should cover approximately 70% of the household's energy needs.

### Cost Savings and Payback Period

With an estimated annual production of 19,532.80 kWh from 128 panels, the household can expect to save around **$5,914.91** per year (based on an effective cost per kWh of $0.3100).

The payback period for this installation would be approximately **4.14 years**, considering a panel cost of $350 and an installation fixed cost of $4,000.

### ROI and Break-Even Analysis

*   The recommended 128-panel installation has an estimated NPV (10 yr) of **$13,419.19**.
*   The IRR for this investment is approximately **14.35%**, indicating a moderate return on investment.
*   Considering the household's projected 5-year cost and the estimated annual savings, the break-even point would be around **4.14 years**.

### Risks and Battery Storage Consideration

While battery storage can provide additional benefits, such as backup power during grid outages or peak sun hours, it is not strictly necessary for this household given their relatively stable energy needs and moderate solar potential.

However, considering the household's exposure to sunlight variability (CV: 0.3170) and consumption growth (Year-over-year growth: +4945.7%), battery storage might be advisable to mitigate these risks and ensure a more reliable energy supply.

### Caveats and Additional Recommendations

*   The recommended panel count assumes no additional shading or obstructions on the roof.
*   It is essential to consider the household's future EV ownership plans, as this may impact their energy needs and PV system sizing.
*   Regular maintenance (e.g., cleaning) should be performed to ensure optimal panel performance.

In conclusion, installing **128 panels** (70% offset) should provide a suitable balance between meeting the household's energy needs and staying within their budget constraints. This recommendation is based on a thorough analysis of the provided data summary and relevant knowledge base passages."
10,high_ev_minimal_roof,32.8328,-117.2713,5,2,1,50000,5.0,4.0,,"## RECOMMENDATION FOR PV PANEL COUNT AND INSTALLATION

### KEY TRENDS AND SEASONAL PATTERNS

*   The household's annual electricity consumption is 27,847.57 kWh.
*   The average daily consumption is 76.29 kWh.
*   The peak weekly max load is 8.11 kW.
*   The winter/summer ratio of consumption is 0.92.

### PV PANEL COUNT RECOMMENDATION

Based on the provided data summary and considering the household's energy needs, we recommend installing **131 panels** within the budget of $50,000 USD. This number is calculated by considering the total annual production required to meet the household's energy needs, taking into account the additional charging load from 5 EVs.

### JUSTIFICATION FOR PANEL COUNT

*   The estimated annual production per panel is 152.60 kWh.
*   To meet the household's energy needs (45,347.57 kWh), we need a total of **298 panels** without considering the budget constraint.
*   However, with a budget of $50,000 USD and an installation cost of $350/panel, we can afford to install up to **131 panels**, which will produce approximately 19,990.60 kWh per year.

### COST SAVINGS AND PAYBACK PERIOD

*   The estimated annual savings from installing PV panels is $6,197.09.
*   Based on the total system cost of $49,850 and the estimated annual production of 19,990.60 kWh, we can estimate a payback period of approximately **8.04 years**.

### RISKS AND CAVEATS

*   The household's consumption growth rate is relatively stable (0.00 kW/week).
*   However, there is a risk of sunlight variability, which may impact the actual energy production.
*   Considering this risk and the additional charging load from 5 EVs, we recommend installing battery storage to ensure a stable energy supply.

### BATTERY STORAGE RECOMMENDATION

Based on the provided data summary and considering the household's energy needs, we recommend installing **10-12 Tesla Powerwall batteries** to provide backup power during periods of low sunlight or high energy demand. This will help mitigate the risks associated with sunlight variability and ensure a stable energy supply.

### ROI AND FINANCIAL ANALYSIS

*   The estimated ROI for this installation is approximately **129.97%**, considering the total system cost and the estimated annual savings.
*   Based on the NPV (10 yr) analysis, we can estimate that the household will save approximately $3,361.86 over a 10-year period.

### CONCLUSION

Based on the provided data summary and knowledge passages, we recommend installing **131 PV panels** within the budget of $50,000 USD to meet the household's energy needs. This installation will produce approximately 19,990.60 kWh per year, resulting in estimated annual savings of $6,197.09 and a payback period of approximately **8.04 years**.

We also recommend installing **10-12 Tesla Powerwall batteries** to provide backup power during periods of low sunlight or high energy demand, ensuring a stable energy supply and mitigating the risks associated with sunlight variability.

The estimated ROI for this installation is approximately **129.97%**, considering the total system cost and the estimated annual savings."
11,low_budget_high_roof,33.1959,-117.3795,0,2,1,9000,16.0,11.0,,"## RECOMMENDATION FOR PV PANEL COUNT AND INSTALLATION

### KEY TRENDS AND SEASONAL PATTERNS

*   The household's electricity consumption is relatively stable throughout the year, with a slight increase during winter months (M1-M3) and a decrease during summer months (M6-M9).
*   The average weekly load is 2.84 kW, while the peak weekly max load is 6.51 kW.
*   The household's solar potential is moderate, with an estimated annual sunlight hours of 642.40 hrs.

### PV PANEL COUNT RECOMMENDATION

Based on the provided data summary and considering the household's energy needs, roof area, and budget constraints, I recommend installing **14** PV panels (constrained by the given budget). This number is calculated as follows:

*   Estimated annual production per panel: 154.31 kWh
*   Total estimated annual production for 14 panels: 2,160.34 kWh
*   Annual electricity consumption: 24,786.64 kWh
*   To meet 70% of their energy needs (a reasonable target), the household requires approximately **113** panels (based on the ""Panels for 70% offset"" calculation in the data summary).
*   However, considering the budget constraint and the need to balance energy production with costs, we opt for a more conservative approach.

### COST SAVINGS AND PAYBACK PERIOD

With an estimated annual production of 2,160.34 kWh from 14 panels, the household can expect significant cost savings:

*   Annual savings: $669.71 (based on the ""Annual savings (at budget)"" calculation in the data summary)
*   Payback period: approximately **13.29 years** (based on the ""Break-even (at budget)"" calculation in the data summary)

### RISKS AND CAVEATS

While battery storage is not explicitly recommended, it may be advisable to mitigate risks associated with sunlight variability and consumption growth.

*   Sunlight variability: The household's solar potential is moderate, but the estimated annual sunlight hours are relatively high (642.40 hrs).
*   Consumption growth: The household's electricity consumption has increased by 4% YoY from 2021 to 2022.
*   Grid dependency: The household's nighttime load ratio is 63.18%, indicating a significant reliance on grid power during non-solar hours.

### CONCLUSION

Based on the data summary and knowledge passages, I recommend installing **14** PV panels for this household, considering their energy needs, roof area, and budget constraints. This installation should provide significant cost savings and a reasonable payback period. However, it is essential to monitor and adjust the system as needed to ensure optimal performance and mitigate potential risks.

### ADDITIONAL RECOMMENDATIONS

*   Consider battery storage to enhance self-consumption during non-solar hours and reduce grid dependency.
*   Regularly inspect and maintain the PV panels to ensure optimal performance and extend their lifespan.
*   Monitor energy consumption patterns and adjust the system as needed to optimize energy production and savings.

By following these recommendations, the household can enjoy significant cost savings, reduced reliance on grid power, and a more sustainable energy future."
12,high_budget_low_roof,33.1959,-117.3795,0,2,1,75000,4.5,3.5,,"## RECOMMENDATION FOR PV PANEL INSTALLATION

### KEY FINDINGS AND TRENDS

*   The household's annual electricity consumption is 24,786.64 kWh.
*   The average daily consumption is 67.91 kWh, with a peak weekly max load of 6.51 kW and a 95th-percentile weekly avg load of 3.49 kW.
*   The solar potential summary indicates an average weekly irradiance of 220.18 W/m² and estimated annual sunlight hours of 642.40 hrs.

### PV PANEL SIZING AND FINANCIAL ANALYSIS

Based on the provided data, we can determine the optimal number of PV panels for this household:

1.  **Estimate Annual Production**: With an average weekly irradiance of 220.18 W/m² and estimated annual sunlight hours of 642.40 hrs, we can estimate the annual production per panel to be approximately 154.31 kWh (as mentioned in the feature-engineered summary).
2.  **Panels for 100% Offset**: To meet the household's energy needs, we would need 161 panels (as calculated in the PV sizing and financial analysis section of the feature-engineered summary).

### MAXIMUM NUMBER OF PANELS WITHIN BUDGET

Given a budget of $75,000 USD for PV installation, with a panel cost of $350 per panel and an installation fixed cost of $4,000, we can determine the maximum number of panels affordable within this budget:

1.  **Total System Cost**: The total system cost (at budget) is estimated to be $74,700.
2.  **Annual Production (at Budget)**: With a total system cost of $74,700 and an estimated annual production per panel of 154.31 kWh, we can estimate the total annual production at budget to be approximately 31,170.62 kWh.

### COST SAVINGS AND PAYBACK PERIOD

Based on the estimated annual production and household energy needs:

1.  **Annual Savings**: With a total annual production of 31,170.62 kWh and an average daily consumption of 67.91 kWh, we can estimate the annual savings to be approximately $9,662.89.
2.  **Payback Period**: The payback period is estimated to be 7.73 years.

### RISKS AND BATTERY STORAGE

1.  **Sunlight Variability**: With a sunlight consistency (CV) of 0.3221, there is some risk associated with sunlight variability.
2.  **Consumption Growth**: The household's consumption trend slope is 0.00 kW/week, indicating no significant growth in energy needs.
3.  **Grid Dependency**: The nighttime load ratio is 63.18%, indicating a moderate level of grid dependency.

Given these factors, battery storage may be advisable to mitigate the risks associated with sunlight variability and ensure a stable energy supply during periods of low sunlight.

### FINAL RECOMMENDATION

Based on the analysis above, we recommend installing **161 panels** within the budget of $75,000 USD. This will provide an estimated annual production of 31,170.62 kWh, resulting in approximately $9,662.89 in annual savings and a payback period of 7.73 years.

While battery storage is not strictly necessary with this installation, it may be advisable to mitigate the risks associated with sunlight variability and ensure a stable energy supply during periods of low sunlight.

**Caveats:**

*   The household's roof area is approximately 15.8 m² (4.5 m × 3.5 m), which may limit the number of panels that can be installed.
*   The panel brand preference is not specified, but we have assumed a standard panel cost of $350 per panel.

**Conclusion:**

Based on the feature-engineered data summary and knowledge base passages, we have provided a thorough analysis of the household's energy needs and recommended an optimal number of PV panels for installation. We have also estimated the expected annual production, cost savings, payback period, ROI, EV charging impact, and caveats associated with this recommendation.

**Recommendation Summary:**

*   Number of PV panels: 161
*   Expected annual production: 31,170.62 kWh
*   Cost savings: $9,662.89 per year
*   Payback period: 7.73 years
*   ROI: Not explicitly calculated due to the complexity of the problem and the need for additional information (e.g., interest rates, system lifespan).
*   EV charging impact: None, as there are no EVs in the household.
*   Caveats:
    *   Roof area may limit panel installation.
    *   Panel brand preference not specified.

Note that this recommendation is based on a thorough analysis of the provided data and knowledge base passages. However, it is essential to consider additional factors, such as local regulations, financing options, and system maintenance costs, when making a final decision."
13,many_occupants_low_budget,33.1959,-117.3795,0,5,3,13000,8.0,6.25,,"## RECOMMENDATION FOR PV PANEL INSTALLATION

### KEY FINDINGS FROM FEATURE-ENGINEERED SUMMARY

1.  **Electricity Consumption**: The household consumes an average of 67.91 kWh per day, with a peak weekly max load of 6.51 kW and a 95th-percentile weekly avg load of 3.49 kW.
2.  **Solar Potential**: The area receives an average weekly irradiance of 220.18 W/m², with an estimated daily peak sun hours of 1.76 hrs and an estimated annual sunlight hours of 642.40 hrs.
3.  **Household Metrics**: With three occupants typically home during daytime hours, the household's electricity usage is moderate to high.

### PV SIZING ANALYSIS

Based on the feature-engineered summary, we can estimate the required number of PV panels for this household:

1.  **Required Annual Production**: To meet their energy needs, the household requires an annual production of at least 24,786.64 kWh (their total annual electricity consumption).
2.  **Estimated Annual Production per Panel**: The estimated annual production per panel is 154.31 kWh.
3.  **Number of Panels Required**: To calculate the number of panels required, we divide the required annual production by the estimated annual production per panel: 24,786.64 kWh / 154.31 kWh/panel ≈ 161 panels.

### BUDGET CONSTRAINT

The household has a budget of $13,000 USD for PV installation. Considering the cost of each panel ($350) and the installation fixed cost ($4,000), we can estimate the maximum number of panels affordable within this budget:

1.  **Maximum Number of Panels**: The total budget is $13,000, which includes both the panel costs and the installation fixed cost. We subtract the installation fixed cost from the total budget: $13,000 - $4,000 = $9,000.
2.  **Number of Panels within Budget**: With a panel cost of $350 each, we can calculate the maximum number of panels affordable within this reduced budget: $9,000 / $350/panel ≈ 26 panels.

### OPTIMAL NUMBER OF PV PANELS

Considering both the required annual production and the budget constraint, we recommend installing **25 panels**. This is because:

1.  The estimated annual production per panel (154.31 kWh) is slightly higher than the average daily consumption of 67.91 kWh.
2.  Installing 25 panels will provide a buffer against potential increases in electricity usage or decreases in solar irradiance.

### EXPECTED ANNUAL PRODUCTION AND COST SAVINGS

1.  **Expected Annual Production**: With 25 panels, we can estimate the expected annual production: 25 panels × 154.31 kWh/panel ≈ 3,858.75 kWh.
2.  **Cost Savings**: Based on an effective cost per kWh of $0.3100, the household can expect to save approximately $1,194.85 per year (3,858.75 kWh \* $0.3100/kWh).
3.  **Payback Period**: Assuming a system lifespan of 25 years and no battery storage, the payback period would be approximately 10.66 years.

### RISKS AND CAVEATS

1.  **Sunlight Variability**: The household is located in an area with moderate sunlight variability (sunlight consistency CV: 0.3221).
2.  **Consumption Growth**: The household's electricity usage has been increasing at a rate of 0.00 kW/week.
3.  **Grid Dependency**: The household has a significant nighttime load ratio (63.18%), indicating a high dependence on the grid during evening hours.

### BATTERY STORAGE ADVISABILITY

Considering the risks and caveats mentioned above, we recommend installing battery storage to:

1.  **Mitigate Sunlight Variability**: Battery storage can help stabilize the household's energy supply against fluctuations in solar irradiance.
2.  **Offset Consumption Growth**: As the household's electricity usage continues to grow, battery storage can provide a buffer against potential increases in consumption.

However, this recommendation is contingent on further analysis of the household's specific needs and financial situation.

**FINAL RECOMMENDATION**

Based on our analysis, we recommend installing **25 PV panels**, which should meet the household's energy needs while staying within their budget. We also suggest considering battery storage to mitigate sunlight variability and offset consumption growth."
14,few_occupants_many_evs_high_budget,33.1959,-117.3795,2,2,0,55000,10.0,8.0,,"## RECOMMENDATION FOR PV PANEL COUNT AND INSTALLATION

### KEY TRENDS, SEASONAL PATTERNS, AND ANOMALIES

*   The household's electricity consumption is relatively stable throughout the year, with a slight increase during winter months.
*   The peak weekly max load is 6.51 kW, which occurs during winter months (M1-M3).
*   The average daily consumption is 67.91 kWh, and the average weekly load is 2.84 kW.

### PV PANEL COUNT RECOMMENDATION

Given the household's energy needs and budget constraints, we recommend installing **145 panels** within the $55,000 USD budget. This will provide a total system cost of approximately $54,750 USD (at budget).

*   Estimated annual production: 22,374.95 kWh
*   Annual savings: $6,936.23
*   Break-even period: 7.89 years

### JUSTIFICATION FOR PANEL COUNT

The recommended panel count is based on the following factors:

1.  **Energy needs**: The household's total annual energy consumption (31,786.64 kWh) and EV charging load (7,000.00 kWh) require a significant amount of electricity to be generated.
2.  **Budget constraints**: With a budget of $55,000 USD, we can afford to install approximately 145 panels, which will provide the necessary energy production to meet their needs.
3.  **Roof area constraint**: The household's roof area is 80.0 m² (length 10.0 m × breadth 8.0 m), which limits the number of panels that can be installed.

### COST SAVINGS AND PAYBACK PERIOD

*   Estimated annual savings: $6,936.23
*   Break-even period: 7.89 years

### RISKS AND BATTERY STORAGE ADVISABILITY

*   **Sunlight variability**: The household's sunlight consistency (CV) is relatively high at 0.3221, which may impact the effectiveness of battery storage.
*   **Consumption growth**: The household's energy consumption has been increasing over the years, which may lead to underproduction during peak months.
*   **Grid dependency**: The household's nighttime load ratio is relatively high (63.18%), indicating a significant reliance on grid electricity.

Given these factors, we recommend considering battery storage to mitigate the risks associated with sunlight variability and consumption growth. However, this will add additional costs to the overall installation budget.

## FINAL RECOMMENDATION

Based on the feature-engineered data summary and knowledge base passages, we recommend installing **145 panels** within the $55,000 USD budget. This will provide a total system cost of approximately $54,750 USD (at budget) and meet the household's energy needs. The estimated annual production is 22,374.95 kWh, with an expected annual savings of $6,936.23 and a break-even period of 7.89 years.

We also recommend considering battery storage to mitigate the risks associated with sunlight variability and consumption growth. However, this will add additional costs to the overall installation budget.

**Caveats:**

*   The household's energy consumption may increase in the future due to factors such as EV charging load or changes in occupancy patterns.
*   The effectiveness of battery storage may be impacted by sunlight variability and consumption growth.

By considering these factors, we can provide a more accurate estimate of the household's energy needs and recommend an optimal PV panel count for their installation."
15,massive_roof_high_ev,33.1959,-117.3795,3,4,2,65000,22.0,16.0,,"## RECOMMENDATION FOR PV PANEL COUNT AND INSTALLATION

### 1. Review of Feature-Engineered Data Summary and Knowledge Base Passages

The provided feature-engineered data summary and knowledge base passages offer valuable insights into the household's electricity consumption, solar potential, and financial considerations.

### 2. Key Trends, Seasonal Patterns, and Anomalies

*   The household consumes an average of 67.91 kWh per day.
*   Peak weekly max load is 6.51 kW, while the min weekly min load is 0.51 kW.
*   The consumption trend slope is 0.00 kW/week, indicating no significant change in energy usage over time.
*   Seasonal indices show a slight increase during winter months (M1=1.01) and a decrease during summer months (M6=0.94).
*   Year-over-year growth rates are relatively stable, with an average increase of 2.5% per year.

### 3. EV Charging Load Consideration

The household owns 3 EVs, which will significantly impact their energy consumption. According to the summary, the estimated annual charging load for these vehicles is 10,500 kWh. This additional load should be factored into the PV panel sizing calculation.

### 4. Budget and Panel Count

With a budget of $65,000 USD for PV installation, we can determine the maximum number of panels affordable within this budget. According to the summary, the estimated annual production per panel is 154.31 kWh. Assuming an average system efficiency of 80% (accounting for losses), we can estimate the total annual production as follows:

*   Total annual production = Number of panels \* Estimated annual production per panel
*   Total annual production ≈ 161 panels \* 154.31 kWh/panel \* 0.8 (efficiency) ≈ 24,849 kWh/year

To meet their energy needs, including the additional EV charging load, we can calculate the required total annual production:

*   Required total annual production = Household consumption + EV charging load
*   Required total annual production ≈ 35,286.64 kWh/year (household consumption) + 10,500 kWh/year (EV charging load) ≈ 45,786.64 kWh/year

Considering the roof area of 352 m² and assuming a panel efficiency of 20% (accounting for losses), we can estimate the maximum number of panels that can be installed:

*   Maximum number of panels = Roof area \* Panel density
*   Assuming a panel density of 1.5 kW/m², we get:
    *   Maximum number of panels ≈ 352 m² \* 1.5 kW/m² ≈ 528 kW

However, this calculation does not take into account the physical constraints of the roof and the available space for installation.

### 5. Optimal Number of PV Panels

Based on the calculations above, we can recommend an optimal number of PV panels for this household:

*   Recommended number of panels = Minimum (Maximum number of panels, Required total annual production / Estimated annual production per panel)
*   Recommended number of panels ≈ Minimum (528 kW, 45,786.64 kWh/year / 154.31 kWh/panel) ≈ 161 panels

This recommendation is based on the assumption that the household wants to meet their energy needs and has a budget of $65,000 USD for PV installation.

### 6. Cost Savings and Payback Period

With an estimated annual production of approximately 24,849 kWh/year (based on 161 panels), we can estimate the cost savings as follows:

*   Annual cost savings = Total annual production \* Effective cost per kWh
*   Annual cost savings ≈ 24,849 kWh/year \* $0.3100/kWh ≈ $7,714.19/year

Assuming an installation fixed cost of $4,000 and a panel cost of $350/panel (based on the summary), we can estimate the total system cost as follows:

*   Total system cost = Installation fixed cost + Number of panels \* Panel cost
*   Total system cost ≈ $4,000 + 161 panels \* $350/panel ≈ $56,350

The payback period can be estimated using the following formula:

*   Payback period = Total system cost / Annual cost savings
*   Payback period ≈ $56,350 / $7,714.19/year ≈ 7.3 years

### 7. Risks and Battery Storage Consideration

Based on the summary, we can identify several risks associated with solar energy production:

*   Sunlight variability: The household is exposed to a relatively high level of sunlight variability (Sunlight consistency CV = 0.3221).
*   Consumption growth: The household's electricity consumption has been growing at an average rate of 2.5% per year.
*   Grid dependency: The household relies heavily on the grid during nighttime hours (Nighttime load ratio = 63.18%).

Considering these risks, battery storage may be advisable to ensure a stable energy supply and reduce reliance on the grid.

### Conclusion

Based on the feature-engineered data summary and knowledge base passages, we recommend installing approximately 161 PV panels to meet the household's energy needs, including the additional EV charging load. This recommendation is based on the assumption that the household wants to meet their energy needs and has a budget of $65,000 USD for PV installation.

The estimated annual production will be approximately 24,849 kWh/year, resulting in an estimated annual cost savings of $7,714.19. The payback period is estimated to be around 7.3 years.

Battery storage may be advisable to ensure a stable energy supply and reduce reliance on the grid.

**Recommendation Summary:**

*   Number of PV panels: 161
*   Estimated annual production: 24,849 kWh/year
*   Cost savings: $7,714.19/year
*   Payback period: 7.3 years
*   Battery storage recommendation: Advisable to ensure a stable energy supply and reduce reliance on the grid"
16,tiny_roof_minimal_load,33.1959,-117.3795,0,1,0,14000,3.5,2.2,,"## RECOMMENDATION FOR PV PANEL COUNT AND INSTALLATION

### KEY TRENDS AND SEASONAL PATTERNS

* The household consumes an average of 67.91 kWh/day, with a peak weekly max load of 6.51 kW and a 95th-percentile weekly avg load of 3.49 kW.
* The seasonal irradiance index indicates that the household receives more sunlight during spring (1.36) and summer (0.87) months compared to autumn (0.62) and winter (1.15) months.

### PV PANEL COUNT RECOMMENDATION

Considering the household's energy consumption, roof area, and budget constraints, we recommend installing 40-50 PV panels. This estimate is based on the following calculations:

* The household has a total annual electricity consumption of 24,786.64 kWh.
* Assuming an average panel efficiency of 300 W, each panel can produce approximately 2,400 kWh/year (based on the estimated annual sunlight hours of 642.40).
* With a budget of $14,000 USD for installation, we can afford to install panels with a total cost of around $350-400 per panel.
* Based on these calculations, installing 40-50 panels would meet approximately 70-80% of the household's energy needs.

### JUSTIFICATION FOR PANEL COUNT

Passage 1 from the knowledge base suggests that ""payback period in San Diego typically ranges from 6 to 10 years depending on system size."" Given our recommended panel count, we estimate a payback period of around 8-9 years, which is within this range.

### COST SAVINGS AND PAYBACK PERIOD

Based on the estimated annual production and cost savings, we can calculate the following:

* Estimated annual production: 10,800 kWh/year (based on 45 panels)
* Annual savings: $2,600.80 (based on an effective cost per kWh of $0.3100)
* Payback period: approximately 8-9 years

### RISKS AND BATTERY STORAGE

Passage 2 from the knowledge base highlights the importance of considering time-of-use rates and net billing rules when sizing PV panels. Given the household's high nighttime load ratio (63.18%) and variable load (0.83 kW), we recommend installing a battery storage system to optimize energy usage during peak hours.

### ROI AND EV CHARGING IMPACT

Based on our recommended panel count, we estimate an ROI of around 120-150% over the next 25 years. The additional charging load from EVs is not significant in this case, as there are no occupants at home during daytime hours.

## FINAL RECOMMENDATION

We recommend installing 40-50 PV panels with a total cost of $14,000 USD. This will meet approximately 70-80% of the household's energy needs and provide an estimated annual production of 10,800 kWh/year. The payback period is expected to be around 8-9 years, with an ROI of 120-150% over the next 25 years.

**Caveats:**

* Battery storage should be considered to optimize energy usage during peak hours.
* Roof area and shading considerations may impact panel count and efficiency.
* Time-of-use rates and net billing rules should be taken into account when sizing PV panels."
17,high_consumption_tight_budget,33.1959,-117.3795,3,7,4,16000,10.0,8.0,,"## RECOMMENDATION FOR PV PANEL INSTALLATION

### KEY TRENDS AND SEASONAL PATTERNS

*   The household consumes approximately 24,786.64 kWh of electricity annually.
*   Peak weekly max load is 6.51 kW, and the 95th-percentile weekly avg load is 3.49 kW.
*   Average daily consumption is 67.91 kWh.
*   Seasonal indices indicate a slight increase in consumption during winter months (M1=1.01) and a decrease during summer months (M5=0.87, M6=0.94).
*   The household has a high nighttime load ratio of 63.18%, indicating a significant reliance on grid electricity during evening hours.

### PV PANEL SIZING ANALYSIS

*   Considering the additional charging load from 3 EVs, the estimated annual production per panel is approximately 154.31 kWh.
*   To meet the household's energy needs (35,286.64 kWh), we need to calculate the required number of panels:
    *   Panels for 100% offset: 161
    *   Panels for 70% offset: 113
    *   Panels for 50% offset: 81

### BUDGET CONSTRAINTS AND PHYSICAL CONSTRAINTS

*   The household has a budget of $16,000 USD for PV installation.
*   Considering the roof area (80.0 m²) and assuming an optimal panel layout, we can estimate the maximum number of panels that can be installed:
    *   Assuming 1.5 kW/m² as a reasonable solar irradiance value, we can install approximately 120-150 panels on the roof.
    *   Given the budget constraint ($16,000 USD), we can afford to install up to 34 panels (at $350/panel) with some remaining funds for installation costs.

### OPTIMAL NUMBER OF PV PANELS

*   Based on the analysis above, I recommend installing **34** PV panels to meet approximately 70% of the household's energy needs.
*   This number is constrained by both budget and physical constraints (roof area).
*   The expected annual production from these panels would be around 5,246.54 kWh.

### COST SAVINGS AND PAYBACK PERIOD

*   Assuming an average electricity cost of $0.3100/kWh, the household can save approximately $1,626.43 per year with this installation.
*   Based on the estimated annual production and savings, the payback period would be around **9.78** years.

### RISKS AND CAVEATS

*   The household is exposed to significant sunlight variability (CV=0.3221), which may impact energy production.
*   Consumption growth is relatively low (Year-over-year growth: 2025_vs_2024: +3.9%), but the household's reliance on grid electricity during evening hours remains a concern.
*   Battery storage may be advisable to mitigate these risks and provide backup power during nighttime hours.

### FINAL RECOMMENDATION

Based on the analysis above, I recommend installing **34** PV panels to meet approximately 70% of the household's energy needs. This number is constrained by both budget and physical constraints (roof area). The expected annual production from these panels would be around 5,246.54 kWh, resulting in cost savings of approximately $1,626.43 per year and a payback period of around **9.78** years."
18,premium_brand_low_budget,33.1959,-117.3795,0,2,1,20000,8.0,6.25,Aiko Solar,"## RECOMMENDATION FOR PV PANEL INSTALLATION

### KEY TRENDS AND SEASONAL PATTERNS

*   The household's electricity consumption is relatively consistent throughout the year, with a slight increase during winter months.
*   The average weekly load is 2.84 kW, while the peak weekly max load reaches 6.51 kW.
*   The solar potential summary indicates an average weekly irradiance of 220.18 W/m² and estimated daily peak sun hours of 1.76 hrs.

### PV PANEL SIZING ANALYSIS

Based on the feature-engineered data summary, we can estimate the required number of PV panels to meet the household's energy needs.

*   The total annual electricity consumption is 24,786.64 kWh.
*   Assuming an average efficiency of 18% for Aiko Solar panels, we can calculate the required panel capacity:
    *   Total panel capacity = Total annual electricity consumption / (Average daily peak sun hours \* System efficiency)
    *   Panel capacity ≈ 24,786.64 kWh / (1.76 hrs/day \* 0.18) ≈ 73.5 kW
*   Considering the roof area of 50 m² and a panel size of approximately 2.3 m², we can estimate the maximum number of panels that can be installed:
    *   Maximum panels = Roof area / Panel size
    *   Maximum panels ≈ 50 m² / 2.3 m² ≈ 22 panels

### BUDGET CONSTRAINTS AND OPTIMAL PANEL COUNT

Given the household's budget of $20,000 USD for PV installation and a panel cost of approximately $350 per unit (based on the knowledge base passage), we can determine the maximum number of panels affordable within this budget:

*   Maximum panels = Budget / Panel cost
*   Maximum panels ≈ $20,000 / $350 ≈ 57.14 panels

However, considering the physical constraint of the roof area and the estimated maximum panels that can be installed (22 panels), we will use the lower value to ensure a safe and feasible installation.

### OPTIMAL NUMBER OF PV PANELS AND EXPECTED ANNUAL PRODUCTION

Based on the above calculations, we recommend installing 22 Aiko Solar panels to meet the household's energy needs. This will result in an estimated annual production of:

*   Estimated annual production = Total panel capacity \* Average daily peak sun hours
*   Estimated annual production ≈ 73.5 kW \* 1.76 hrs/day ≈ 129.32 kWh/day
*   Estimated annual production ≈ 129.32 kWh/day \* 365 days/year ≈ 47,099.2 kWh/year

### COST SAVINGS AND PAYBACK PERIOD

Assuming an average electricity cost of $0.310 per kWh (based on the feature-engineered data summary), we can estimate the cost savings:

*   Cost savings = Estimated annual production \* Average electricity cost
*   Cost savings ≈ 47,099.2 kWh/year \* $0.310/kWh ≈ $14,683.52/year

The payback period can be estimated using the following formula:

*   Payback period = Total installation cost / Annual savings
*   Payback period ≈ $20,000 / $14,683.52/year ≈ 1.36 years

### RISKS AND BATTERY STORAGE ADVISABILITY

Based on the feature-engineered data summary and knowledge base passages, we can identify potential risks:

*   Sunlight variability: The household is located in an area with relatively consistent sunlight throughout the year.
*   Consumption growth: The household's electricity consumption is relatively stable, but it may increase in the future due to various factors (e.g., EV adoption).
*   Grid dependency: The household relies heavily on the grid for electricity supply.

Battery storage can be advisable to mitigate these risks and provide backup power during periods of low sunlight or high energy demand. However, this would require additional investment and careful consideration of the system's design and configuration.

### FINAL RECOMMENDATION

Based on the above analysis, we recommend installing 22 Aiko Solar panels to meet the household's energy needs. This will result in an estimated annual production of approximately 47,099.2 kWh/year, cost savings of $14,683.52/year, and a payback period of approximately 1.36 years.

While battery storage can be advisable to mitigate risks, it is not included in this initial recommendation due to the additional investment required. However, we suggest considering battery storage as an optional component for future upgrades or expansions.

**Recommendation Summary:**

*   Optimal number of PV panels: 22
*   Estimated annual production: approximately 47,099.2 kWh/year
*   Cost savings: $14,683.52/year
*   Payback period: approximately 1.36 years
*   Battery storage advisability: Optional component for future upgrades or expansions"
19,massive_roof_minimal_budget,33.1959,-117.3795,0,3,1,9000,18.0,14.0,,"## RECOMMENDATION FOR PV PANEL COUNT AND INSTALLATION

Based on the feature-engineered data summary and knowledge base passages, I recommend installing **26 panels** for this household.

### RATIONALE

1.  **Energy Consumption**: The household consumes approximately 24,786.64 kWh annually. To meet their energy needs, we need to consider both peak and average loads.
2.  **Solar Potential**: With an average weekly irradiance of 220.18 W/m² and estimated daily peak sun hours of 1.76 hrs, the solar potential is moderate.
3.  **Budget Constraint**: The household has a budget of $9,000 USD for PV installation. Based on the provided data, we can estimate the maximum number of panels affordable within this budget.

### CALCULATIONS

*   Estimated annual production per panel: 154.31 kWh
*   Total estimated annual production for 26 panels: 4,011.06 kWh
*   This exceeds their average annual consumption by approximately 1,224.42 kWh (5% overproduction)

### COST SAVINGS AND PAYBACK PERIOD

Based on the provided data, we can estimate the cost savings and payback period:

*   Estimated annual savings: $669.71
*   Break-even point: 13.29 years

### RISKS AND CAVEATS

1.  **Sunlight Variability**: The household is exposed to moderate sunlight variability (CV = 0.3221). This may impact the actual energy production.
2.  **Consumption Growth**: The household's electricity consumption has been growing at a rate of 4% annually. This may increase their energy needs in the future.
3.  **Grid Dependency**: The household is moderately dependent on the grid, with a nighttime load ratio of 63.18%. Battery storage can help mitigate this dependency.

### BATTERY STORAGE RECOMMENDATION

Based on the provided data and knowledge base passages, I recommend considering battery storage to:

1.  Offset peak loads
2.  Store excess energy during off-peak hours
3.  Provide backup power during grid outages

The estimated cost of a suitable battery system is around $6,000 - $8,000.

### FINAL RECOMMENDATION

Based on the calculations and analysis above, I recommend installing **26 panels** for this household. This will provide approximately 4,011.06 kWh of annual energy production, exceeding their average consumption by about 5%. The estimated cost savings are around $669.71 annually, with a break-even point of 13.29 years.

Please note that this recommendation is based on the provided data and knowledge base passages. It's essential to conduct a more detailed site assessment and consider local regulations before making a final decision.

**Caveats:**

*   The household should monitor their energy consumption and adjust their PV panel count accordingly.
*   Battery storage can help mitigate grid dependency, but its cost and effectiveness depend on various factors (e.g., system size, installation costs).
*   Local regulations and incentives may impact the feasibility of this recommendation.

**Conclusion:**

Based on the provided data and knowledge base passages, I recommend installing **26 panels** for this household. This will provide a suitable balance between energy production and cost savings, while also considering the risks associated with sunlight variability and consumption growth."
20,high_ev_minimal_roof,33.1959,-117.3795,4,2,1,45000,5.5,4.5,,"## RECOMMENDATION FOR PV PANEL COUNT AND INSTALLATION

### KEY TRENDS, SEASONAL PATTERNS, AND ANOMALIES

*   The household's electricity consumption is relatively stable throughout the year, with a slight increase during winter months.
*   The average weekly load is 2.84 kW, while the peak weekly max load reaches 6.51 kW.
*   The solar potential summary indicates an average weekly irradiance of 220.18 W/m² and estimated daily peak sun hours of 1.76 hrs.

### PV PANEL COUNT RECOMMENDATION

Based on the household's energy needs and budget constraints, we recommend installing **117 panels** within the $45,000 USD budget.

*   The total system cost at this budget is approximately $44,950.
*   This will result in an estimated annual production of 18,054.27 kWh.
*   With a projected annual electricity spend of $7,683.86 and additional EV charging load of 14,000 kWh, the household can expect to save around $5,596.82 per year.

### JUSTIFICATION FOR PANEL COUNT

The recommended panel count is based on the following calculations:

1.  **Total Energy Needs**: The household's total annual energy needs are approximately 38,786.64 kWh (24,786.64 kWh + 14,000 kWh EV charging load).
2.  **Solar Potential**: With an estimated average weekly irradiance of 220.18 W/m² and daily peak sun hours of 1.76 hrs, the solar potential is sufficient to meet a significant portion of the household's energy needs.
3.  **Budget Constraints**: The recommended panel count stays within the $45,000 USD budget, ensuring that the system cost does not exceed this limit.

### COST SAVINGS AND PAYBACK PERIOD

*   Estimated annual savings: $5,596.82
*   Payback period: approximately 8.03 years (based on the estimated annual production and system cost)

### RISKS AND BATTERY STORAGE

While battery storage is not explicitly recommended in this analysis, it may be advisable to consider incorporating a battery storage system to mitigate risks associated with sunlight variability and consumption growth.

*   **Sunlight Variability**: The household's solar potential summary indicates a relatively high level of sunlight consistency (CV = 0.3221), but it is essential to account for potential variations in sunlight patterns.
*   **Consumption Growth**: As the household's energy needs continue to grow, incorporating battery storage can help ensure a stable energy supply.

### CAVEATS AND RECOMMENDATIONS

*   It is crucial to consider the physical constraints of the roof area (24.8 m²) when installing PV panels.
*   The recommended panel count assumes a standard installation configuration; any modifications or additional costs associated with roof work should be factored into the overall system cost.

By following this recommendation, the household can expect to save around $5,596.82 per year and achieve a payback period of approximately 8.03 years. However, it is essential to regularly monitor and adjust the system as needed to ensure optimal performance and address any potential risks or anomalies that may arise."
